<?xml version="1.0" encoding="utf-8" ?>
<dwsync>
<file name="index.html" server="ftp.chado.1gb.ru/http/" local="130013621400000000" remote="130013621400000000" />
<file name="2.5.2-2012-03-05.sql" server="ftp.chado.1gb.ru/http/" local="130013621400000000" remote="130013621400000000" />
<file name="2.5.3-2012-03-13.sql" server="ftp.chado.1gb.ru/http/" local="130013621400000000" remote="130013621400000000" />
<file name="2.5.4-2012-03-18.sql" server="ftp.chado.1gb.ru/http/" local="130013621400000000" remote="130013621400000000" />
<file name="2.5.4-2012-03-19.sql" server="ftp.chado.1gb.ru/http/" local="130013621400000000" remote="130013621400000000" />
<file name="2.5.5.sql" server="ftp.chado.1gb.ru/http/" local="130013621400000000" remote="130013621400000000" />
<file name="2.5.6.sql" server="ftp.chado.1gb.ru/http/" local="130013621400000000" remote="130013621400000000" />
<file name="2.5.7.sql" server="ftp.chado.1gb.ru/http/" local="130013621400000000" remote="130013621400000000" />
<file name="2.5.8.sql" server="ftp.chado.1gb.ru/http/" local="130013621400000000" remote="130013621400000000" />
</dwsync>